{"cameraMode":{"drawMode":0,"name":"Shaded","section":"Shading Mode"},"sceneLighting":true,"audioPlay":false,"sceneViewState":{"showFog":true,"showMaterialUpdate":false,"showSkybox":true,"showFlares":true,"showImageEffects":true,"showParticleSystems":true},"in2DMode":false,"pivot":{"x":-1.6068021059036255,"y":3.169374465942383,"z":-1.427527904510498},"rotation":{"x":-0.3717113137245178,"y":0.14449137449264527,"z":-0.05871598422527313,"w":-0.9151852130889893},"size":23.994625091552736,"orthographic":false}