{"cameraMode":{"drawMode":0,"name":"Shaded","section":"Shading Mode"},"sceneLighting":true,"audioPlay":false,"sceneViewState":{"showFog":true,"showMaterialUpdate":false,"showSkybox":true,"showFlares":true,"showImageEffects":true,"showParticleSystems":true},"in2DMode":false,"pivot":{"x":-2.2256975173950197,"y":-1.0540525913238526,"z":-2.5596752166748049},"rotation":{"x":-0.4442698657512665,"y":-0.03841916099190712,"z":0.019061198458075525,"w":-0.894882082939148},"size":13.07663631439209,"orthographic":false}