{"cameraMode":{"drawMode":0,"name":"Shaded","section":"Shading Mode"},"sceneLighting":true,"audioPlay":false,"sceneViewState":{"showFog":true,"showMaterialUpdate":false,"showSkybox":true,"showFlares":true,"showImageEffects":true,"showParticleSystems":true},"in2DMode":false,"pivot":{"x":-0.9633580446243286,"y":1.750855803489685,"z":-1.5327991247177125},"rotation":{"x":-0.32433977723121645,"y":0.004820471163839102,"z":-0.0016664426075294614,"w":-0.9459564685821533},"size":9.780640602111817,"orthographic":false}